{"cameraMode":{"drawMode":0,"name":"Shaded","section":"Shading Mode"},"sceneLighting":true,"audioPlay":false,"sceneViewState":{"m_AlwaysRefresh":false,"showFog":true,"showSkybox":true,"showFlares":true,"showImageEffects":true,"showParticleSystems":true,"showVisualEffectGraphs":true,"m_FxEnabled":true},"in2DMode":false,"pivot":{"x":-1.972395658493042,"y":5.751694679260254,"z":14.34554672241211},"rotation":{"x":0.24465951323509217,"y":-0.06975284218788147,"z":0.017621904611587526,"w":0.9669930934906006},"size":12.999809265136719,"orthographic":false}