{"cameraMode":{"drawMode":0,"name":"Shaded","section":"Shading Mode"},"sceneLighting":false,"audioPlay":false,"sceneViewState":{"m_AlwaysRefresh":false,"showFog":true,"showSkybox":false,"showFlares":true,"showImageEffects":true,"showParticleSystems":true,"showVisualEffectGraphs":true,"m_FxEnabled":true},"in2DMode":false,"pivot":{"x":1.6786662340164185,"y":1.4116746187210084,"z":0.7195034027099609},"rotation":{"x":0.24465951323509217,"y":-0.06975284218788147,"z":0.017621904611587526,"w":0.9669930934906006},"size":4.33862829208374,"orthographic":false}