{"cameraMode":{"drawMode":0,"name":"Shaded","section":"Shading Mode"},"sceneLighting":false,"audioPlay":false,"sceneViewState":{"m_AlwaysRefresh":false,"showFog":true,"showSkybox":false,"showFlares":true,"showImageEffects":true,"showParticleSystems":true,"showVisualEffectGraphs":true,"m_FxEnabled":true},"in2DMode":false,"pivot":{"x":5.960464477539063e-8,"y":0.6190000772476196,"z":-1.1920928955078126e-7},"rotation":{"x":0.07145123183727265,"y":0.5021088123321533,"z":-0.041679829359054568,"w":0.8609145283699036},"size":0.8660284876823425,"orthographic":false}